Produkt;Land;Code;PDF_CH_mean;PDF_kg_prod_country
Weizen;Ägypten;EG;1.79E-23;1.27E-16
Weizen;Algerien;DZ;2.61E-22;1.12E-15
Weizen;Argentinien;AR;1.09E-17;3.75E-15
Weizen;Australien;AU;0.00E+00;6.69E-15
Weizen;Belgien;BE;1.28E-21;2.71E-16
Weizen;Brasilien;BR;1.52E-21;1.08E-14
Weizen;Bulgarien;BG;1.61E-18;3.07E-15
Weizen;Chile;CL;0.00E+00;4.19E-15
Weizen;China;CN;1.37E-21;2.18E-15
Weizen;Dänemark;DK;7.15E-23;3.06E-16
Weizen;Deutschland;DE;1.04E-16;3.13E-16
Weizen;Finnland;FI;0.00E+00;1.86E-16
Weizen;Frankreich;FR;6.97E-16;1.95E-15
Weizen;Griechenland;GR;9.93E-21;2.16E-14
Weizen;Hongkong;HK;0.00E+00;2.18E-15
Weizen;Iran;IR;2.31E-21;4.93E-15
Weizen;Italien;IT;7.64E-17;1.12E-14
Weizen;Japan;JP;1.30E-22;1.39E-14
Weizen;Kanada;CA;4.97E-17;4.90E-16
Weizen;Kasachstan;KZ;2.26E-18;2.16E-15
Weizen;Kroatien;HR;4.07E-19;3.63E-15
Weizen;Lettland;LV;0.00E+00;2.21E-16
Weizen;Libanon;LB;6.44E-20;2.26E-14
Weizen;Litauen;LT;7.13E-20;2.68E-16
Weizen;Luxemburg;LU;0.00E+00;3.52E-16
Weizen;Mexiko;MX;0.00E+00;1.54E-14
Weizen;Niederlande;NL;1.05E-22;2.64E-16
Weizen;Österreich;AT;3.18E-16;2.92E-15
Weizen;Peru;PE;4.38E-21;4.93E-14
Weizen;Polen;PL;2.95E-20;5.13E-16
Weizen;Portugal;PT;4.06E-21;1.16E-13
Weizen;Rumänien;RO;1.45E-17;1.14E-15
Weizen;Schweden;SE;4.29E-23;1.20E-16
Weizen;Serbien;RS;5.76E-18;9.73E-16
Weizen;Slowakei;SK;2.95E-17;1.25E-15
Weizen;Slowenien;SI;0.00E+00;2.74E-15
Weizen;Spanien;ES;1.12E-16;1.78E-14
Weizen;Tschechien;CZ;1.81E-18;3.61E-16
Weizen;Türkei;TR;5.67E-20;1.05E-14
Weizen;Ukraine;UA;4.14E-18;7.21E-16
Weizen;Ungarn;HU;1.37E-17;4.54E-16
Weizen;USA;US;8.83E-21;3.73E-15
Weizen;Schweiz;CH;2.92E-15;3.12E-15
Soja;Belgien;BE;1.80E-17;6.77E-16
Soja;Brasilien;BR;0.00E+00;8.98E-15
Soja;China;CN;4.28E-17;6.49E-15
Soja;Dänemark;DK;2.78E-21;7.38E-16
Soja;Deutschland;DE;2.98E-17;7.33E-16
Soja;Elfenbeinküste;CI;0.00E+00;2.00E-14
Soja;Frankreich;FR;1.32E-15;4.76E-15
Soja;Indien;IN;1.61E-18;3.44E-14
Soja;Indonesien;ID;7.71E-19;7.98E-14
Soja;Iran;IR;8.23E-20;3.15E-15
Soja;Italien;IT;3.19E-16;1.46E-14
Soja;Japan;JP;2.87E-19;4.10E-14
Soja;Kanada;CA;1.31E-17;4.02E-16
Soja;Kenia;KE;9.32E-21;2.55E-14
Soja;Südkorea;KR;0.00E+00;1.11E-14
Soja;Kroatien;HR;0.00E+00;9.21E-15
Soja;Litauen;LT;0.00E+00;8.33E-16
Soja;Luxemburg;LU;0.00E+00;1.04E-15
Soja;Mosambik;MZ;3.25E-22;6.21E-15
Soja;Myanmar;MM;4.30E-21;4.12E-14
Soja;Nigeria;NG;0.00E+00;1.94E-14
Soja;Österreich;AT;7.53E-16;5.21E-15
Soja;Paraguay;PY;0.00E+00;4.88E-15
Soja;Polen;PL;0.00E+00;1.12E-15
Soja;Rumänien;RO;1.06E-17;2.08E-15
Soja;Russland;RU;0.00E+00;7.50E-16
Soja;Slowakei;SK;0.00E+00;2.73E-15
Soja;Spanien;ES;0.00E+00;2.36E-14
Soja;Sri Lanka;LK;3.68E-20;2.35E-13
Soja;Taiwan;TW;5.69E-17;5.06E-13
Soja;Thailand;TH;0.00E+00;2.22E-14
Soja;Tschechien;CZ;0.00E+00;8.72E-16
Soja;Ukraine;UA;1.82E-16;1.24E-15
Soja;Ungarn;HU;5.40E-18;1.07E-15
Soja;USA;US;2.91E-19;3.22E-15
Soja;Vietnam;VN;1.00E-19;3.99E-14
Soja;Schweiz;CH;1.87E-15;6.40E-15
Mais;Ägypten;EG;2.19E-23;1.12E-16
Mais;Argentinien;AR;5.22E-21;1.39E-15
Mais;Äthiopien;ET;1.67E-22;4.28E-15
Mais;Belgien;BE;1.76E-21;2.26E-16
Mais;Brasilien;BR;4.69E-20;6.65E-15
Mais;Chile;CL;2.42E-20;2.12E-15
Mais;China;CN;1.84E-21;2.01E-15
Mais;Dänemark;DK;0.00E+00;3.25E-16
Mais;Deutschland;DE;2.43E-17;2.21E-16
Mais;Frankreich;FR;4.79E-16;1.37E-15
Mais;Griechenland;GR;9.32E-22;5.69E-15
Mais;Indien;IN;2.48E-21;1.12E-14
Mais;Israel;IL;0.00E+00;6.91E-16
Mais;Italien;IT;5.96E-17;4.57E-15
Mais;Kamerun;CM;0.00E+00;3.01E-14
Mais;Kanada;CA;0.00E+00;1.18E-16
Mais;Kenia;KE;7.10E-21;1.67E-14
Mais;Kolumbien;CO;5.01E-19;4.25E-14
Mais;Kroatien;HR;0.00E+00;3.13E-15
Mais;Litauen;LT;0.00E+00;2.06E-16
Mais;Madagaskar;MG;0.00E+00;1.02E-13
Mais;Mexiko;MX;1.61E-19;2.39E-14
Mais;Niederlande;NL;1.31E-20;2.13E-16
Mais;Österreich;AT;1.03E-17;1.45E-15
Mais;Peru;PE;4.92E-19;2.36E-14
Mais;Polen;PL;1.84E-18;3.48E-16
Mais;Portugal;PT;2.60E-19;2.77E-14
Mais;Rumänien;RO;6.31E-17;9.43E-16
Mais;Serbien;RS;3.69E-24;9.47E-16
Mais;Slowakei;SK;1.06E-20;9.05E-16
Mais;Spanien;ES;1.69E-19;5.59E-15
Mais;Thailand;TH;6.34E-20;8.49E-15
Mais;Togo;TG;0.00E+00;8.54E-15
Mais;Tschechien;CZ;4.32E-19;2.36E-16
Mais;Türkei;TR;3.39E-19;3.13E-15
Mais;Ukraine;UA;6.63E-22;4.25E-16
Mais;Ungarn;HU;2.67E-17;4.42E-16
Mais;USA;US;1.12E-18;1.00E-15
Mais;Vietnam;VN;1.01E-21;1.30E-14
Mais;Schweiz;CH;7.76E-16;2.03E-15
Kaffeebohnenbohnen;Äthiopien;ET;1.46E-15;2.49E-14
Kaffeebohnenbohnen;Bolivien;BO;3.84E-18;3.19E-14
Kaffeebohnenbohnen;Brasilien;BR;4.72E-15;1.72E-14
Kaffeebohnenbohnen;Burundi;BI;7.22E-19;5.64E-14
Kaffeebohnen;China;CN;2.00E-17;3.54E-15
Kaffeebohnen;Costa Rica;CR;2.82E-14;4.00E-13
Kaffeebohnen;Dominikanische Republik;DO;1.11E-16;1.42E-12
Kaffeebohnen;Ecuador;EC;4.66E-16;1.85E-12
Kaffeebohnen;Elfenbeinküste;CI;1.87E-17;2.03E-13
Kaffeebohnen;El Salvador;SV;2.51E-16;6.24E-13
Kaffeebohnen;Ghana;GH;0.00E+00;1.26E-14
Kaffeebohnen;Guatemala;GT;1.67E-14;2.73E-13
Kaffeebohnen;Guinea;GN;2.82E-17;4.93E-14
Kaffeebohnen;Honduras;HN;6.64E-15;1.27E-13
Kaffeebohnen;Hongkong;HK;6.03E-22;3.45E-15
Kaffeebohnen;Indien;IN;2.99E-15;3.77E-14
Kaffeebohnen;Indonesien;ID;4.26E-15;1.69E-13
Kaffeebohnen;Jamaika;JM;1.52E-15;2.36E-12
Kaffeebohnen;Jemen;YE;1.54E-18;1.58E-14
Kaffeebohnen;Kamerun;CM;2.01E-17;1.58E-13
Kaffeebohnen;Kenia;KE;1.73E-15;7.25E-14
Kaffeebohnen;Kolumbien;CO;4.00E-14;2.24E-13
Kaffeebohnen;Kongo, Republik;CG;8.74E-17;3.96E-14
Kaffeebohnen;Kongo (RDK);CD;1.03E-17;5.38E-14
Kaffeebohnen;Kuba;CU;6.93E-16;1.30E-12
Kaffeebohnen;Madagaskar;MG;2.54E-20;3.01E-13
Kaffeebohnen;Malawi;MW;4.45E-20;1.32E-14
Kaffeebohnen;Malaysia;MY;7.08E-20;4.02E-14
Kaffeebohnen;Mexiko;MX;9.82E-15;2.96E-13
Kaffeebohnen;Myanmar;MM;2.87E-20;5.25E-14
Kaffeebohnen;Nepal;NP;3.29E-17;3.25E-13
Kaffeebohnen;Nicaragua;NI;7.06E-15;1.26E-13
Kaffeebohnen;Panama;PA;9.10E-18;8.90E-13
Kaffeebohnen;Papua;PG;1.56E-16;1.79E-13
Kaffeebohnen;Peru;PE;3.05E-15;9.83E-14
Kaffeebohnen;Philippinen;PH;8.35E-19;5.57E-13
Kaffeebohnen;Ruanda;RW;1.42E-17;8.54E-14
Kaffeebohnen;Sambia;ZM;8.78E-22;9.74E-15
Kaffeebohnen;Sierra Leone;SL;1.47E-16;2.79E-14
Kaffeebohnen;Simbabwe;ZW;3.93E-17;4.20E-14
Kaffeebohnen;Sri Lanka;LK;1.06E-18;4.20E-13
Kaffeebohnen;Taiwan;TW;2.36E-19;6.34E-13
Kaffeebohnen;Tansania;TZ;3.19E-16;1.13E-13
Kaffeebohnen;Thailand;TH;1.51E-18;5.10E-14
Kaffeebohnen;Togo;TG;7.16E-18;2.38E-14
Kaffeebohnen;Uganda;UG;1.11E-15;6.11E-14
Kaffeebohnen;USA;US;1.82E-17;1.26E-14
Kaffeebohnen;Venezuela;VE;0.00E+00;1.99E-13
Kaffeebohnen;Vietnam;VN;1.82E-15;1.99E-14
Kaffeebohnen;Angola;AO;6.37E-19;2.51E-14
Kaffeebohnen;Belize;BZ;0.00E+00;1.01E-13
Kaffeebohnen;Benin;BJ;0.00E+00;2.59E-14
Kaffeebohnen;Fidschi;FJ;0.00E+00;1.31E-12
Kaffeebohnen;Gabun;GA;0.00E+00;7.74E-14
Kaffeebohnen;Guyana;GY;0.00E+00;3.80E-14
Kaffeebohnen;Kambodscha;KH;4.20E-22;3.73E-14
Kaffeebohnen;Neukaledonien;NC;0.00E+00;2.63E-12
Kaffeebohnen;Paraguay;PY;0.00E+00;1.10E-14
Kaffeebohnen;Polynes., Frz.-;PF;0.00E+00;9.88E-14
Kaffeebohnen;St. Vincent;VC;0.00E+00;5.44E-12
Kakao;Belize;BZ;1.78E-18;4.46E-13
Kakao;Brasilien;BR;6.82E-18;5.56E-14
Kakao;Costa Rica;CR;3.10E-15;3.07E-12
Kakao;Dominikanische Republik;DO;9.77E-14;1.23E-12
Kakao;Ecuador;EC;1.35E-13;5.54E-13
Kakao;Elfenbeinküste;CI;3.75E-15;5.24E-14
Kakao;El Salvador;SV;0.00E+00;3.42E-13
Kakao;Ghana;GH;1.85E-14;3.58E-14
Kakao;Grenada;GD;2.42E-15;3.36E-12
Kakao;Guatemala;GT;1.68E-18;6.49E-14
Kakao;Guinea;GN;0.00E+00;3.89E-14
Kakao;Haiti;HT;1.20E-17;1.28E-12
Kakao;Honduras;HN;6.50E-15;8.26E-13
Kakao;Indien;IN;4.75E-18;1.14E-13
Kakao;Indonesien;ID;1.66E-20;2.13E-13
Kakao;Jamaika;JM;1.11E-14;5.89E-12
Kakao;Kamerun;CM;2.24E-19;1.19E-13
Kakao;Kolumbien;CO;4.32E-16;4.47E-13
Kakao;Kongo, Republik;CG;3.33E-17;3.10E-14
Kakao;Kongo (RDK);CD;0.00E+00;5.77E-14
Kakao;Madagaskar;MG;5.66E-15;1.89E-13
Kakao;Malaysia;MY;0.00E+00;1.24E-12
Kakao;Mexiko;MX;1.46E-17;1.49E-13
Kakao;Nicaragua;NI;7.86E-18;2.24E-13
Kakao;Papua;PG;1.40E-17;4.84E-13
Kakao;Peru;PE;3.98E-15;9.11E-14
Kakao;Samoa;WS;0.00E+00;1.14E-11
Kakao;Tansania;TZ;7.41E-18;4.31E-14
Kakao;Thailand;TH;7.85E-22;1.01E-14
Kakao;Togo;TG;1.35E-17;9.20E-15
Kakao;Uganda;UG;2.56E-18;6.59E-14
Kakao;Venezuela;VE;1.54E-15;2.01E-13
Kakao;Vietnam;VN;6.91E-20;1.18E-13
Cashew;Benin;BJ;4.05E-16;1.36E-14
Cashew;Brasilien;BR;6.71E-17;1.08E-13
Cashew;Burkina Faso;BF;2.23E-17;3.25E-15
Cashew;China;CN;7.72E-17;9.97E-15
Cashew;Elfenbeinküste;CI;5.23E-15;6.49E-14
Cashew;Ghana;GH;1.40E-18;3.79E-14
Cashew;Honduras;HN;2.58E-18;1.03E-13
Cashew;Hongkong;HK;0.00E+00;9.97E-15
Cashew;Indien;IN;8.60E-15;4.68E-14
Cashew;Indonesien;ID;6.83E-15;2.90E-13
Cashew;Kenia;KE;4.10E-17;5.87E-14
Cashew;Madagaskar;MG;0.00E+00;3.58E-13
Cashew;Mosambik;MZ;7.55E-17;1.39E-14
Cashew;Peru;PE;0.00E+00;1.27E-14
Cashew;Philippinen;PH;3.09E-18;3.48E-14
Cashew;Senegal;SN;1.65E-19;9.64E-15
Cashew;Sri Lanka;LK;5.89E-18;5.38E-13
Cashew;Tansania;TZ;6.40E-19;1.04E-13
Cashew;Thailand;TH;3.00E-17;1.97E-14
Cashew;Togo;TG;2.42E-19;6.73E-15
Cashew;Vietnam;VN;2.73E-14;4.14E-14
Linsen;Ägypten;EG;0.00E+00;3.53E-16
Linsen;Algerien;DZ;0.00E+00;2.01E-15
Linsen;Argentinien;AR;4.79E-18;1.45E-14
Linsen;Äthiopien;ET;2.23E-19;1.29E-14
Linsen;Chile;CL;8.87E-18;6.10E-14
Linsen;China;CN;1.53E-18;4.99E-15
Linsen;Indien;IN;1.39E-15;4.17E-14
Linsen;Iran;IR;6.03E-18;1.28E-14
Linsen;Israel;IL;3.52E-19;6.60E-14
Linsen;Kanada;CA;6.07E-16;1.26E-15
Linsen;Kasachstan;KZ;0.00E+00;2.61E-15
Linsen;Libanon;LB;3.69E-17;3.85E-14
Linsen;Marokko;MA;0.00E+00;1.21E-14
Linsen;Mexiko;MX;4.38E-17;8.25E-14
Linsen;Myanmar;MM;2.53E-19;6.16E-14
Linsen;Peru;PE;2.35E-17;9.24E-14
Linsen;Russland;RU;1.70E-18;1.09E-15
Linsen;Türkei;TR;9.38E-15;3.14E-14
Linsen;USA;US;3.00E-15;1.64E-14
Pfeffer;Äthiopien;ET;5.53E-18;2.61E-14
Pfeffer;Brasilien;BR;3.11E-15;9.00E-15
Pfeffer;China;CN;2.15E-16;6.23E-15
Pfeffer;Elfenbeinküste;CI;0.00E+00;5.58E-14
Pfeffer;Indien;IN;5.55E-15;6.06E-14
Pfeffer;Indonesien;ID;4.66E-14;2.41E-13
Pfeffer;Kambodscha;KH;2.73E-17;4.39E-15
Pfeffer;Kamerun;CM;3.45E-19;1.40E-13
Pfeffer;Kenia;KE;0.00E+00;2.31E-14
Pfeffer;Madagaskar;MG;1.61E-14;3.06E-13
Pfeffer;Malaysia;MY;1.23E-17;2.72E-14
Pfeffer;Mexiko;MX;7.36E-18;2.93E-14
Pfeffer;Peru;PE;4.89E-19;2.48E-14
Pfeffer;Philippinen;PH;5.73E-18;4.64E-13
Pfeffer;Sri Lanka;LK;4.26E-14;4.14E-13
Pfeffer;Taiwan;TW;1.79E-18;6.72E-15
Pfeffer;Tansania;TZ;2.63E-16;6.46E-14
Pfeffer;Thailand;TH;1.23E-17;1.01E-14
Pfeffer;Vietnam;VN;3.73E-15;2.24E-14
Orange;Ägypten;EG;3.91E-19;3.40E-17
Orange;Argentinien;AR;7.26E-19;4.17E-16
Orange;Brasilien;BR;3.29E-21;9.97E-16
Orange;Chile;CL;0.00E+00;1.08E-15
Orange;China;CN;6.46E-22;5.60E-16
Orange;Dominikanische Republik;DO;1.04E-18;1.18E-13
Orange;Ecuador;EC;0.00E+00;4.47E-14
Orange;Eswatini;SZ;5.62E-20;4.70E-15
Orange;Frankreich;FR;6.89E-19;9.39E-16
Orange;Griechenland;GR;6.96E-17;1.78E-15
Orange;Honduras;HN;0.00E+00;5.06E-15
Orange;Indonesien;ID;1.48E-22;2.69E-15
Orange;Iran;IR;7.56E-22;2.13E-16
Orange;Israel;IL;2.22E-19;7.21E-16
Orange;Italien;IT;5.34E-16;1.86E-15
Orange;Kolumbien;CO;8.02E-19;1.22E-14
Orange;Kroatien;HR;4.51E-20;1.49E-15
Orange;Libanon;LB;0.00E+00;1.55E-15
Orange;Marokko;MA;1.48E-18;6.19E-16
Orange;Mexiko;MX;0.00E+00;5.80E-15
Orange;Peru;PE;2.81E-18;4.51E-15
Orange;Portugal;PT;2.67E-16;1.03E-14
Orange;Senegal;SN;0.00E+00;5.44E-16
Orange;Simbabwe;ZW;4.40E-18;1.38E-15
Orange;Spanien;ES;1.19E-15;2.28E-15
Orange;Südafrika;ZA;1.60E-16;1.53E-15
Orange;Thailand;TH;8.08E-22;1.55E-15
Orange;Tunesien;TN;2.86E-20;2.76E-16
Orange;Uruguay;UY;1.67E-18;6.32E-16
Orange;USA;US;6.12E-21;4.89E-16
Orange;Zypern;CY;0.00E+00;1.28E-14
Zitrone & Limetten;Ägypten;EG;3.74E-21;3.45E-17
Zitrone & Limetten;Argentinien;AR;4.97E-18;2.96E-16
Zitrone & Limetten;Äthiopien;ET;0.00E+00;4.01E-15
Zitrone & Limetten;Australien;AU;1.26E-21;6.14E-16
Zitrone & Limetten;Bahamas;BS;9.43E-19;3.75E-14
Zitrone & Limetten;Bangladesch;BD;1.60E-19;9.17E-15
Zitrone & Limetten;Bosnien und Herzegowina;BA;0.00E+00;2.20E-15
Zitrone & Limetten;Brasilien;BR;1.36E-16;1.09E-15
Zitrone & Limetten;Chile;CL;3.20E-20;8.59E-16
Zitrone & Limetten;China;CN;1.23E-22;5.22E-16
Zitrone & Limetten;Costa Rica;CR;0.00E+00;1.96E-14
Zitrone & Limetten;Dominikanische Republik;DO;6.11E-19;4.23E-13
Zitrone & Limetten;Ecuador;EC;1.30E-18;5.74E-14
Zitrone & Limetten;Frankreich;FR;1.34E-18;1.05E-15
Zitrone & Limetten;Ghana;GH;3.82E-21;3.08E-15
Zitrone & Limetten;Griechenland;GR;5.54E-18;2.14E-15
Zitrone & Limetten;Guatemala;GT;7.25E-19;7.59E-15
Zitrone & Limetten;Honduras;HN;3.32E-18;4.48E-15
Zitrone & Limetten;Indien;IN;1.33E-20;2.75E-15
Zitrone & Limetten;Iran;IR;4.82E-20;3.78E-16
Zitrone & Limetten;Israel;IL;2.50E-21;4.32E-16
Zitrone & Limetten;Italien;IT;2.34E-16;2.04E-15
Zitrone & Limetten;Japan;JP;0.00E+00;4.11E-15
Zitrone & Limetten;Kenia;KE;1.89E-20;1.85E-15
Zitrone & Limetten;Kolumbien;CO;4.69E-17;1.18E-14
Zitrone & Limetten;Kroatien;HR;9.10E-20;6.16E-15
Zitrone & Limetten;Libanon;LB;0.00E+00;1.44E-15
Zitrone & Limetten;Malaysia;MY;2.34E-20;1.12E-14
Zitrone & Limetten;Marokko;MA;1.67E-19;9.27E-16
Zitrone & Limetten;Mexiko;MX;2.08E-17;5.27E-15
Zitrone & Limetten;Peru;PE;1.58E-18;6.47E-15
Zitrone & Limetten;Portugal;PT;3.75E-17;1.36E-14
Zitrone & Limetten;Saudi-Arabien;SA;2.80E-21;6.95E-17
Zitrone & Limetten;Somalia;SO;1.15E-22;1.71E-15
Zitrone & Limetten;Spanien;ES;1.78E-15;2.87E-15
Zitrone & Limetten;Südafrika;ZA;3.26E-16;3.16E-15
Zitrone & Limetten;Thailand;TH;5.92E-22;3.52E-15
Zitrone & Limetten;Uruguay;UY;1.40E-18;4.62E-16
Zitrone & Limetten;USA;US;0.00E+00;2.85E-16
Zitrone & Limetten;Venezuela;VE;0.00E+00;5.41E-15
Zitrone & Limetten;Zypern;CY;8.97E-21;1.34E-14
Avocado;Brasilien;BR;5.79E-18;1.68E-15
Avocado;Chile;CL;4.68E-16;4.46E-15
Avocado;China;CN;1.95E-20;1.22E-15
Avocado;Costa Rica;CR;0.00E+00;8.08E-14
Avocado;Dominikanische Republik;DO;1.01E-15;3.90E-14
Avocado;Ecuador;EC;7.18E-18;4.35E-14
Avocado;Elfenbeinküste;CI;1.88E-19;4.17E-15
Avocado;Eswatini;SZ;6.09E-21;4.76E-15
Avocado;Frankreich;FR;5.15E-18;1.30E-15
Avocado;Ghana;GH;9.35E-21;4.38E-15
Avocado;Griechenland;GR;6.86E-20;7.84E-15
Avocado;Guatemala;GT;5.10E-18;1.62E-14
Avocado;Honduras;HN;4.05E-20;3.79E-14
Avocado;Israel;IL;6.99E-17;9.95E-16
Avocado;Kamerun;CM;5.94E-18;1.11E-14
Avocado;Kenia;KE;3.54E-17;1.44E-15
Avocado;Kolumbien;CO;9.93E-16;1.44E-14
Avocado;Marokko;MA;5.03E-17;1.20E-15
Avocado;Mexiko;MX;1.21E-16;7.45E-15
Avocado;Panama;PA;4.93E-19;1.45E-14
Avocado;Peru;PE;2.08E-15;5.27E-15
Avocado;Portugal;PT;7.52E-17;2.78E-14
Avocado;Simbabwe;ZW;5.09E-18;1.80E-15
Avocado;Spanien;ES;1.59E-15;8.88E-15
Avocado;Sri Lanka;LK;0.00E+00;9.04E-14
Avocado;Südafrika;ZA;7.80E-16;1.32E-14
Avocado;Tunesien;TN;0.00E+00;5.47E-16
Avocado;USA;US;0.00E+00;1.51E-15
Oliven;Ägypten;EG;3.76E-20;7.98E-17
Oliven;Albanien;AL;3.53E-18;3.52E-14
Oliven;Argentinien;AR;3.16E-19;3.61E-15
Oliven;Brasilien;BR;4.29E-20;1.74E-14
Oliven;Chile;CL;0.00E+00;3.82E-15
Oliven;China;CN;4.34E-19;1.35E-15
Oliven;El Salvador;SV;1.19E-19;7.20E-14
Oliven;Frankreich;FR;1.31E-16;6.77E-15
Oliven;Griechenland;GR;7.68E-15;2.68E-14
Oliven;Iran;IR;1.27E-18;2.37E-15
Oliven;Israel;IL;1.94E-19;5.13E-15
Oliven;Italien;IT;2.83E-15;1.94E-14
Oliven;Kroatien;HR;2.03E-17;1.71E-14
Oliven;Libanon;LB;1.18E-17;2.01E-14
Oliven;Marokko;MA;2.93E-16;7.38E-15
Oliven;Mexiko;MX;6.07E-19;2.35E-14
Oliven;Peru;PE;2.89E-18;1.52E-14
Oliven;Portugal;PT;2.73E-15;6.03E-14
Oliven;Slowenien;SI;1.74E-20;2.11E-14
Oliven;Spanien;ES;8.20E-15;1.82E-14
Oliven;Tunesien;TN;5.02E-18;1.08E-14
Oliven;Türkei;TR;7.74E-16;1.20E-14
Oliven;USA;US;5.23E-20;1.57E-15
Olivenöl;Ägypten;EG;2.45E-19;5.19E-16
Olivenöl;Albanien;AL;2.29E-17;2.29E-13
Olivenöl;Argentinien;AR;2.06E-18;2.35E-14
Olivenöl;Brasilien;BR;2.79E-19;1.13E-13
Olivenöl;Chile;CL;0.00E+00;2.48E-14
Olivenöl;China;CN;2.82E-18;8.79E-15
Olivenöl;El Salvador;SV;7.72E-19;4.68E-13
Olivenöl;Frankreich;FR;8.55E-16;4.40E-14
Olivenöl;Griechenland;GR;4.99E-14;1.74E-13
Olivenöl;Iran;IR;8.27E-18;1.54E-14
Olivenöl;Israel;IL;1.26E-18;3.34E-14
Olivenöl;Italien;IT;1.84E-14;1.26E-13
Olivenöl;Kroatien;HR;1.32E-16;1.11E-13
Olivenöl;Libanon;LB;7.67E-17;1.31E-13
Olivenöl;Marokko;MA;1.90E-15;4.80E-14
Olivenöl;Mexiko;MX;3.95E-18;1.53E-13
Olivenöl;Peru;PE;1.88E-17;9.88E-14
Olivenöl;Portugal;PT;1.78E-14;3.92E-13
Olivenöl;Slowenien;SI;1.13E-19;1.37E-13
Olivenöl;Spanien;ES;5.33E-14;1.19E-13
Olivenöl;Tunesien;TN;3.26E-17;7.04E-14
Olivenöl;Türkei;TR;5.03E-15;7.79E-14
Olivenöl;USA;US;3.40E-19;1.02E-14
Mango;Ägypten;EG;3.90E-19;8.78E-17
Mango;Argentinien;AR;0.00E+00;1.24E-15
Mango;Australien;AU;0.00E+00;3.39E-15
Mango;Bangladesch;BD;8.70E-19;1.09E-15
Mango;Benin;BJ;0.00E+00;1.09E-15
Mango;Brasilien;BR;3.85E-16;1.33E-15
Mango;Burkina Faso;BF;8.35E-18;3.95E-16
Mango;China;CN;1.56E-20;1.10E-15
Mango;Costa Rica;CR;1.54E-16;7.29E-14
Mango;Dominikanische Republik;DO;2.79E-15;5.29E-14
Mango;Ecuador;EC;3.51E-17;4.01E-14
Mango;Elfenbeinküste;CI;4.28E-15;4.89E-14
Mango;Vereinigte Arabische Emirate;AE;2.18E-22;6.56E-17
Mango;Ghana;GH;6.20E-17;1.55E-15
Mango;Guatemala;GT;3.59E-17;1.30E-14
Mango;Honduras;HN;5.55E-19;7.59E-15
Mango;Hongkong;HK;1.49E-22;1.10E-15
Mango;Indien;IN;2.71E-17;3.13E-15
Mango;Indonesien;ID;5.58E-18;7.75E-15
Mango;Iran;IR;2.95E-21;9.70E-16
Mango;Israel;IL;2.89E-17;7.17E-16
Mango;Kamerun;CM;1.13E-17;8.68E-15
Mango;Kenia;KE;3.01E-19;1.80E-15
Mango;Kolumbien;CO;1.93E-17;1.34E-14
Mango;Kongo (RDK);CD;1.72E-20;2.37E-15
Mango;Malaysia;MY;1.42E-18;1.04E-14
Mango;Mali;ML;5.03E-19;9.44E-17
Mango;Marokko;MA;4.53E-19;2.44E-15
Mango;Mexiko;MX;1.02E-16;7.10E-15
Mango;Mosambik;MZ;0.00E+00;2.00E-15
Mango;Nigeria;NG;0.00E+00;2.28E-15
Mango;Pakistan;PK;2.96E-18;3.97E-16
Mango;Panama;PA;2.45E-18;3.59E-14
Mango;Paraguay;PY;9.77E-20;1.75E-15
Mango;Peru;PE;1.92E-15;5.45E-15
Mango;Philippinen;PH;2.33E-17;7.74E-14
Mango;Senegal;SN;1.81E-17;6.01E-16
Mango;Simbabwe;ZW;0.00E+00;6.46E-15
Mango;Sri Lanka;LK;1.75E-16;6.10E-14
Mango;Südafrika;ZA;5.59E-17;3.37E-15
Mango;Taiwan;TW;1.43E-21;1.06E-15
Mango;Thailand;TH;1.90E-17;4.00E-15
Mango;USA;US;6.02E-18;4.66E-16
Mango;Venezuela;VE;0.00E+00;5.18E-15
Karotten;Belgien;BE;9.24E-22;2.87E-17
Karotten;Dänemark;DK;3.57E-19;4.92E-17
Karotten;Deutschland;DE;5.68E-21;3.55E-17
Karotten;Vereinigte Arabische Emirate;AE;0.00E+00;8.80E-17
Karotten;Frankreich;FR;3.17E-19;3.18E-16
Karotten;Guatemala;GT;0.00E+00;6.70E-15
Karotten;Italien;IT;1.04E-17;1.01E-15
Karotten;Japan;JP;0.00E+00;1.99E-15
Karotten;Lettland;LV;8.17E-21;4.30E-17
Karotten;Luxemburg;LU;0.00E+00;5.12E-17
Karotten;Neuseeland;NZ;1.10E-21;1.86E-15
Karotten;Niederlande;NL;8.53E-20;3.23E-17
Karotten;Pakistan;PK;0.00E+00;2.18E-16
Karotten;Peru;PE;1.03E-21;3.48E-15
Karotten;Polen;PL;2.58E-24;7.00E-17
Karotten;Portugal;PT;1.11E-17;5.19E-15
Karotten;Spanien;ES;1.49E-17;1.22E-15
Karotten;Südafrika;ZA;1.14E-18;2.69E-15
Karotten;Schweiz;CH;4.34E-16;4.51E-16
Bananen;Ägypten;EG;1.05E-23;1.88E-17
Bananen;Bangladesch;BD;8.72E-22;8.34E-16
Bananen;Benin;BJ;6.33E-22;1.09E-15
Bananen;Brasilien;BR;1.99E-20;2.06E-15
Bananen;Burundi;BI;0.00E+00;6.98E-15
Bananen;China;CN;1.57E-21;3.78E-16
Bananen;Costa Rica;CR;7.04E-18;8.28E-15
Bananen;Dominikanische Republik;DO;6.50E-16;1.84E-14
Bananen;Ecuador;EC;2.80E-15;8.40E-15
Bananen;Elfenbeinküste;CI;4.11E-20;6.61E-16
Bananen;Vereinigte Arabische Emirate;AE;0.00E+00;2.24E-17
Bananen;Frankreich;FR;4.92E-20;6.79E-16
Bananen;Ghana;GH;2.51E-20;1.72E-15
Bananen;Griechenland;GR;0.00E+00;1.21E-15
Bananen;Guatemala;GT;4.80E-20;3.29E-15
Bananen;Hongkong;HK;2.52E-21;3.73E-16
Bananen;Indien;IN;2.83E-20;1.00E-15
Bananen;Indonesien;ID;0.00E+00;1.96E-15
Bananen;Iran;IR;3.08E-22;2.44E-16
Bananen;Israel;IL;5.81E-24;2.92E-16
Bananen;Kamerun;CM;1.74E-18;3.29E-15
Bananen;Kolumbien;CO;2.92E-15;7.10E-15
Bananen;Madagaskar;MG;1.01E-21;3.37E-14
Bananen;Marokko;MA;0.00E+00;3.16E-16
Bananen;Mauritius;MU;4.13E-20;5.61E-14
Bananen;Nicaragua;NI;4.88E-17;2.55E-15
Bananen;Panama;PA;7.60E-16;9.66E-15
Bananen;Peru;PE;6.85E-16;6.19E-15
Bananen;Philippinen;PH;6.18E-19;1.14E-14
Bananen;Portugal;PT;5.54E-19;1.26E-14
Bananen;Spanien;ES;1.68E-17;1.60E-15
Bananen;Südafrika;ZA;0.00E+00;1.28E-15
Bananen;Taiwan;TW;8.44E-23;5.65E-16
Bananen;Tansania;TZ;3.88E-20;3.33E-15
Bananen;Thailand;TH;5.11E-19;1.69E-15
Bananen;Togo;TG;1.83E-22;8.72E-16
Bananen;USA;US;7.35E-22;1.23E-15
Gurke;Albanien;AL;2.28E-17;2.02E-15
Gurke;Belgien;BE;9.54E-21;4.61E-18
Gurke;Chile;CL;1.48E-21;1.11E-15
Gurke;Dänemark;DK;7.63E-22;7.34E-18
Gurke;Deutschland;DE;7.07E-21;2.15E-17
Gurke;Dominikanische Republik;DO;9.68E-21;4.56E-14
Gurke;Ecuador;EC;0.00E+00;4.15E-14
Gurke;Frankreich;FR;9.98E-19;1.18E-16
Gurke;Griechenland;GR;8.53E-18;8.80E-16
Gurke;Indien;IN;8.96E-20;5.55E-15
Gurke;Iran;IR;0.00E+00;2.91E-16
Gurke;Irland;IE;9.55E-22;1.04E-17
Gurke;Italien;IT;7.59E-18;1.51E-15
Gurke;Kolumbien;CO;0.00E+00;1.09E-14
Gurke;Südkorea;KR;1.61E-21;1.52E-15
Gurke;Marokko;MA;2.24E-19;2.66E-16
Gurke;Niederlande;NL;1.50E-19;3.32E-18
Gurke;Nordmazedonien;MK;4.71E-18;4.69E-16
Gurke;Österreich;AT;1.75E-18;1.22E-16
Gurke;Polen;PL;9.69E-20;4.97E-17
Gurke;Portugal;PT;2.15E-19;3.98E-15
Gurke;Serbien;RS;6.53E-19;5.31E-16
Gurke;Spanien;ES;3.40E-16;7.43E-16
Gurke;Ungarn;HU;1.84E-23;4.96E-17
Gurke;Schweiz;CH;4.23E-17;9.80E-17
Tomaten;Ägypten;EG;5.79E-23;1.97E-17
Tomaten;Albanien;AL;3.42E-19;1.98E-15
Tomaten;Belgien;BE;1.00E-19;4.70E-18
Tomaten;Brasilien;BR;0.00E+00;4.36E-16
Tomaten;China;CN;4.29E-22;2.14E-16
Tomaten;Dänemark;DK;2.85E-22;6.06E-18
Tomaten;Deutschland;DE;1.12E-21;8.98E-18
Tomaten;Ecuador;EC;0.00E+00;1.02E-14
Tomaten;Vereinigte Arabische Emirate;AE;0.00E+00;2.57E-17
Tomaten;Estland;EE;0.00E+00;1.19E-17
Tomaten;Finnland;FI;0.00E+00;1.44E-18
Tomaten;Frankreich;FR;1.26E-18;1.15E-16
Tomaten;Griechenland;GR;2.71E-21;9.05E-16
Tomaten;Israel;IL;2.10E-23;2.14E-16
Tomaten;Italien;IT;7.54E-17;7.24E-16
Tomaten;Südkorea;KR;1.00E-22;2.05E-15
Tomaten;Kroatien;HR;7.61E-22;3.76E-16
Tomaten;Marokko;MA;9.89E-18;1.27E-16
Tomaten;Neuseeland;NZ;1.67E-20;7.54E-16
Tomaten;Niederlande;NL;2.81E-19;4.46E-18
Tomaten;Österreich;AT;0.00E+00;5.41E-17
Tomaten;Pakistan;PK;0.00E+00;1.16E-15
Tomaten;Peru;PE;0.00E+00;1.92E-15
Tomaten;Polen;PL;2.65E-21;2.41E-17
Tomaten;Portugal;PT;1.52E-18;2.86E-15
Tomaten;Senegal;SN;1.16E-20;2.57E-16
Tomaten;Spanien;ES;2.10E-16;8.47E-16
Tomaten;Südafrika;ZA;5.30E-21;1.12E-15
Tomaten;Tansania;TZ;1.59E-21;2.64E-15
Tomaten;Thailand;TH;0.00E+00;1.90E-15
Tomaten;Tunesien;TN;2.71E-20;1.16E-16
Tomaten;Ungarn;HU;3.36E-24;3.04E-17
Tomaten;Usbekistan;UZ;0.00E+00;1.06E-16
Tomaten;Schweiz;CH;3.52E-17;7.41E-17
Äpfel;Argentinien;AR;9.50E-20;3.83E-16
Äpfel;Belgien;BE;6.71E-20;3.77E-17
Äpfel;Chile;CL;9.21E-19;4.63E-16
Äpfel;China;CN;9.38E-21;5.11E-16
Äpfel;Deutschland;DE;1.37E-20;6.39E-17
Äpfel;Frankreich;FR;4.56E-19;3.64E-16
Äpfel;Italien;IT;2.80E-17;9.63E-16
Äpfel;Japan;JP;0.00E+00;2.72E-15
Äpfel;Kanada;CA;1.74E-24;4.69E-17
Äpfel;Kolumbien;CO;0.00E+00;5.06E-15
Äpfel;Neuseeland;NZ;2.60E-18;1.21E-15
Äpfel;Niederlande;NL;3.21E-21;4.31E-17
Äpfel;Österreich;AT;5.17E-19;3.93E-16
Äpfel;Pakistan;PK;3.59E-21;5.37E-16
Äpfel;Polen;PL;5.01E-20;8.26E-17
Äpfel;Portugal;PT;1.16E-18;8.25E-15
Äpfel;Russland;RU;0.00E+00;1.09E-16
Äpfel;Spanien;ES;0.00E+00;2.75E-15
Äpfel;Südafrika;ZA;5.20E-19;1.67E-15
Äpfel;Ungarn;HU;6.47E-24;1.07E-16
Äpfel;Schweiz;CH;2.15E-16;2.24E-16
Zwiebeln;Ägypten;EG;5.78E-19;4.93E-17
Zwiebeln;Algerien;DZ;3.07E-20;1.71E-16
Zwiebeln;China;CN;8.55E-21;3.52E-16
Zwiebeln;Dänemark;DK;1.36E-18;1.38E-16
Zwiebeln;Deutschland;DE;2.26E-18;1.37E-16
Zwiebeln;Frankreich;FR;1.41E-16;8.12E-16
Zwiebeln;Indien;IN;1.26E-17;2.15E-15
Zwiebeln;Italien;IT;6.02E-16;2.83E-15
Zwiebeln;Marokko;MA;6.72E-20;5.45E-16
Zwiebeln;Mexiko;MX;1.88E-18;7.96E-15
Zwiebeln;Neuseeland;NZ;1.57E-17;1.87E-15
Zwiebeln;Niederlande;NL;2.82E-17;1.27E-16
Zwiebeln;Portugal;PT;1.09E-16;1.68E-14
Zwiebeln;Spanien;ES;1.86E-16;4.30E-15
Zwiebeln;Thailand;TH;4.83E-19;2.14E-15
Zwiebeln;Tunesien;TN;0.00E+00;2.36E-16
Zwiebeln;Schweiz;CH;3.20E-16;1.11E-15
Kartoffeln;Ägypten;EG;4.49E-19;3.13E-17
Kartoffeln;Belgien;BE;2.36E-24;4.90E-17
Kartoffeln;China;CN;7.47E-24;7.76E-16
Kartoffeln;Dänemark;DK;2.35E-20;5.44E-17
Kartoffeln;Deutschland;DE;1.89E-18;5.22E-17
Kartoffeln;Vereinigte Arabische Emirate;AE;0.00E+00;5.98E-17
Kartoffeln;Frankreich;FR;3.34E-18;3.19E-16
Kartoffeln;Griechenland;GR;0.00E+00;2.03E-15
Kartoffeln;Israel;IL;5.81E-19;4.20E-16
Kartoffeln;Italien;IT;4.84E-18;1.62E-15
Kartoffeln;Luxemburg;LU;0.00E+00;8.08E-17
Kartoffeln;Marokko;MA;8.94E-21;3.79E-16
Kartoffeln;Niederlande;NL;1.70E-18;5.05E-17
Kartoffeln;Österreich;AT;0.00E+00;4.74E-16
Kartoffeln;Peru;PE;3.57E-22;4.94E-15
Kartoffeln;Polen;PL;0.00E+00;8.51E-17
Kartoffeln;Portugal;PT;3.52E-17;1.14E-14
Kartoffeln;Schweden;SE;5.61E-24;2.18E-17
Kartoffeln;Slowakei;SK;0.00E+00;2.82E-16
Kartoffeln;Slowenien;SI;0.00E+00;6.75E-16
Kartoffeln;Spanien;ES;2.00E-17;2.18E-15
Kartoffeln;Thailand;TH;0.00E+00;2.00E-15
Kartoffeln;Tunesien;TN;0.00E+00;3.80E-16
Kartoffeln;Ungarn;HU;7.82E-24;9.84E-17
Kartoffeln;USA;US;0.00E+00;2.27E-16
Kartoffeln;Zypern;CY;6.04E-18;1.18E-14
Kartoffeln;Schweiz;CH;4.11E-16;4.57E-16
Auberginen;Ägypten;EG;7.02E-22;2.99E-17
Auberginen;Belgien;BE;3.32E-20;4.47E-18
Auberginen;China;CN;3.10E-20;2.72E-16
Auberginen;Costa Rica;CR;3.55E-19;8.52E-14
Auberginen;Dominikanische Republik;DO;6.25E-16;1.12E-13
Auberginen;Elfenbeinküste;CI;0.00E+00;6.51E-15
Auberginen;Frankreich;FR;4.27E-19;3.25E-16
Auberginen;Ghana;GH;2.21E-20;2.65E-15
Auberginen;Griechenland;GR;0.00E+00;1.46E-15
Auberginen;Honduras;HN;9.13E-20;5.33E-15
Auberginen;Italien;IT;1.34E-16;1.47E-15
Auberginen;Kamerun;CM;4.45E-21;8.01E-15
Auberginen;Kolumbien;CO;1.38E-19;1.49E-14
Auberginen;Kongo (RDK);CD;5.27E-21;1.84E-15
Auberginen;Mali;ML;1.02E-22;1.10E-16
Auberginen;Marokko;MA;4.01E-20;4.32E-16
Auberginen;Mexiko;MX;3.11E-18;1.17E-15
Auberginen;Niederlande;NL;1.54E-19;4.04E-18
Auberginen;Österreich;AT;0.00E+00;8.93E-17
Auberginen;Pakistan;PK;1.04E-20;3.75E-16
Auberginen;Peru;PE;1.56E-19;7.50E-15
Auberginen;Philippinen;PH;2.41E-20;3.26E-14
Auberginen;Portugal;PT;5.56E-20;4.41E-15
Auberginen;Ruanda;RW;2.18E-20;9.04E-15
Auberginen;Senegal;SN;1.90E-21;4.18E-16
Auberginen;Spanien;ES;4.57E-16;9.71E-16
Auberginen;Sri Lanka;LK;8.92E-18;3.85E-14
Auberginen;Thailand;TH;3.26E-17;1.28E-15
Auberginen;Zypern;CY;1.13E-19;6.11E-15
Auberginen;Schweiz;CH;4.90E-17;1.37E-16
Chili;Albanien;AL;6.57E-18;3.01E-15
Chili;Belgien;BE;1.55E-20;8.52E-18
Chili;Chile;CL;9.53E-21;3.88E-16
Chili;Deutschland;DE;1.43E-21;1.54E-17
Chili;Frankreich;FR;4.19E-19;6.00E-16
Chili;Griechenland;GR;1.23E-18;1.50E-15
Chili;Guatemala;GT;5.36E-20;7.61E-15
Chili;Kolumbien;CO;0.00E+00;1.33E-14
Chili;Marokko;MA;2.77E-17;2.82E-16
Chili;Mexiko;MX;2.81E-22;5.27E-15
Chili;Niederlande;NL;1.03E-18;7.85E-18
Chili;Nordmazedonien;MK;6.70E-18;1.03E-15
Chili;Peru;PE;1.70E-20;4.88E-15
Chili;Portugal;PT;3.66E-18;6.36E-15
Chili;Spanien;ES;7.09E-16;1.06E-15
Chili;Südafrika;ZA;0.00E+00;9.33E-15
Chili;Thailand;TH;5.15E-22;2.76E-15
Chili;Tunesien;TN;5.53E-21;2.97E-16
Chili;Türkei;TR;2.53E-17;7.24E-16
Chili;Ungarn;HU;1.20E-18;4.82E-17
Chili;Ägypten;EG;0.00E+00;4.56E-17
Chili;Bosnien und Herzegowina;BA;0.00E+00;1.41E-15
Chili;Costa Rica;CR;0.00E+00;1.28E-13
Chili;Dominikanische Republik;DO;0.00E+00;1.36E-13
Chili;Ecuador;EC;0.00E+00;9.42E-14
Chili;Honduras;HN;6.64E-22;4.98E-15
Chili;Kroatien;HR;1.91E-22;1.44E-15
Chili;Namibia;NA;0.00E+00;8.85E-16
Chili;Österreich;AT;0.00E+00;1.79E-16
Chili;Polen;PL;4.96E-20;2.92E-17
Chili;Zypern;CY;1.66E-17;1.06E-14
Chili;Schweiz;CH;8.49E-18;3.70E-16
Blumenkohl & Broccoli;Belgien;BE;8.44E-21;9.64E-17
Blumenkohl & Broccoli;China;CN;1.39E-22;6.38E-16
Blumenkohl & Broccoli;Deutschland;DE;3.53E-19;1.03E-16
Blumenkohl & Broccoli;Ecuador;EC;0.00E+00;4.42E-14
Blumenkohl & Broccoli;Frankreich;FR;1.00E-17;1.01E-15
Blumenkohl & Broccoli;Griechenland;GR;1.02E-21;3.34E-15
Blumenkohl & Broccoli;Israel;IL;0.00E+00;1.68E-15
Blumenkohl & Broccoli;Italien;IT;4.05E-16;1.98E-15
Blumenkohl & Broccoli;Kenia;KE;0.00E+00;3.07E-15
Blumenkohl & Broccoli;Niederlande;NL;3.03E-18;1.56E-16
Blumenkohl & Broccoli;Portugal;PT;8.87E-19;1.81E-14
Blumenkohl & Broccoli;Schweden;SE;5.13E-24;5.91E-17
Blumenkohl & Broccoli;Spanien;ES;8.25E-16;4.05E-15
Blumenkohl & Broccoli;Südafrika;ZA;1.73E-21;6.63E-15
Blumenkohl & Broccoli;Schweiz;CH;9.55E-16;1.71E-15
Knoblauch;Ägypten;EG;6.57E-19;3.95E-17
Knoblauch;Argentinien;AR;8.86E-18;1.07E-15
Knoblauch;Äthiopien;ET;4.23E-21;2.32E-15
Knoblauch;Bangladesch;BD;2.21E-20;2.02E-15
Knoblauch;Brasilien;BR;3.31E-21;2.42E-15
Knoblauch;Chile;CL;4.01E-19;2.09E-15
Knoblauch;China;CN;4.84E-17;5.13E-16
Knoblauch;Estland;EE;9.02E-21;5.27E-16
Knoblauch;Frankreich;FR;1.25E-16;1.95E-15
Knoblauch;Griechenland;GR;1.49E-20;5.94E-15
Knoblauch;Iran;IR;0.00E+00;6.24E-16
Knoblauch;Israel;IL;3.73E-20;6.55E-15
Knoblauch;Italien;IT;1.81E-16;5.61E-15
Knoblauch;Japan;JP;0.00E+00;8.47E-15
Knoblauch;Südkorea;KR;3.39E-22;1.49E-15
Knoblauch;Kroatien;HR;1.57E-21;2.29E-15
Knoblauch;Madagaskar;MG;0.00E+00;2.78E-14
Knoblauch;Marokko;MA;0.00E+00;1.64E-15
Knoblauch;Mexiko;MX;0.00E+00;7.27E-15
Knoblauch;Niederlande;NL;3.52E-18;1.60E-16
Knoblauch;Österreich;AT;9.83E-18;3.03E-15
Knoblauch;Peru;PE;0.00E+00;7.64E-15
Knoblauch;Portugal;PT;2.60E-17;1.89E-14
Knoblauch;Spanien;ES;4.89E-15;6.78E-15
Knoblauch;Thailand;TH;0.00E+00;5.40E-15
Knoblauch;Ukraine;UA;0.00E+00;3.48E-16
Knoblauch;USA;US;1.20E-20;6.20E-16
Knoblauch;Schweiz;CH;2.54E-16;6.96E-15
Aprikosen;Australien;AU;4.13E-19;1.54E-14
Aprikosen;Chile;CL;0.00E+00;2.70E-15
Aprikosen;Frankreich;FR;4.49E-16;2.39E-15
Aprikosen;Griechenland;GR;1.51E-17;6.09E-15
Aprikosen;Italien;IT;6.80E-16;3.66E-15
Aprikosen;Marokko;MA;0.00E+00;1.43E-15
Aprikosen;Österreich;AT;0.00E+00;1.93E-15
Aprikosen;Peru;PE;2.68E-20;1.47E-14
Aprikosen;Portugal;PT;4.97E-17;3.35E-14
Aprikosen;Spanien;ES;4.25E-15;9.73E-15
Aprikosen;Südafrika;ZA;3.51E-19;8.13E-15
Aprikosen;Tunesien;TN;4.77E-19;1.11E-15
Aprikosen;Ungarn;HU;4.62E-18;1.13E-15
Aprikosen;Schweiz;CH;7.38E-16;4.09E-15
Pfirsiche & Nektarinen;Ägypten;EG;0.00E+00;4.43E-17
Pfirsiche & Nektarinen;Albanien;AL;4.80E-19;4.94E-15
Pfirsiche & Nektarinen;Australien;AU;2.28E-19;2.07E-15
Pfirsiche & Nektarinen;Brasilien;BR;7.71E-21;2.18E-15
Pfirsiche & Nektarinen;Chile;CL;8.96E-18;1.08E-15
Pfirsiche & Nektarinen;China;CN;1.44E-21;5.79E-16
Pfirsiche & Nektarinen;Ecuador;EC;0.00E+00;9.40E-14
Pfirsiche & Nektarinen;Frankreich;FR;3.01E-17;7.34E-16
Pfirsiche & Nektarinen;Griechenland;GR;7.07E-19;3.38E-15
Pfirsiche & Nektarinen;Iran;IR;0.00E+00;3.68E-16
Pfirsiche & Nektarinen;Italien;IT;4.82E-16;2.22E-15
Pfirsiche & Nektarinen;Marokko;MA;2.96E-18;9.18E-16
Pfirsiche & Nektarinen;Paraguay;PY;1.08E-20;1.97E-15
Pfirsiche & Nektarinen;Peru;PE;8.76E-20;9.16E-15
Pfirsiche & Nektarinen;Portugal;PT;4.34E-17;1.95E-14
Pfirsiche & Nektarinen;Spanien;ES;2.49E-15;3.46E-15
Pfirsiche & Nektarinen;Südafrika;ZA;1.06E-18;3.77E-15
Pfirsiche & Nektarinen;Tunesien;TN;2.40E-21;5.65E-16
Pfirsiche & Nektarinen;Schweiz;CH;5.35E-18;8.29E-16
Mandeln;Afghanistan;AF;3.46E-19;2.40E-15
Mandeln;Australien;AU;2.16E-17;2.62E-15
Mandeln;Bulgarien;BG;0.00E+00;2.24E-14
Mandeln;Burkina Faso;BF;0.00E+00;6.53E-15
Mandeln;Chile;CL;1.70E-18;4.85E-15
Mandeln;China;CN;6.07E-18;3.12E-15
Mandeln;Elfenbeinküste;CI;0.00E+00;4.60E-14
Mandeln;Vereinigte Arabische Emirate;AE;4.46E-23;5.19E-17
Mandeln;Frankreich;FR;6.31E-17;1.25E-14
Mandeln;Griechenland;GR;3.86E-18;4.02E-14
Mandeln;Iran;IR;3.50E-19;3.02E-15
Mandeln;Israel;IL;3.09E-21;7.19E-16
Mandeln;Italien;IT;2.88E-16;2.93E-14
Mandeln;Libanon;LB;1.35E-20;7.42E-15
Mandeln;Marokko;MA;1.68E-19;1.38E-14
Mandeln;Pakistan;PK;6.41E-18;2.03E-15
Mandeln;Portugal;PT;1.58E-16;3.07E-13
Mandeln;Spanien;ES;4.00E-14;1.17E-13
Mandeln;Tunesien;TN;8.64E-18;1.68E-14
Mandeln;Ungarn;HU;8.63E-22;4.52E-15
Mandeln;USA;US;1.51E-15;2.40E-15
Kiwi;Australien;AU;0.00E+00;9.51E-16
Kiwi;Chile;CL;5.83E-17;1.23E-15
Kiwi;China;CN;1.16E-20;9.40E-16
Kiwi;Frankreich;FR;1.43E-17;9.36E-16
Kiwi;Griechenland;GR;1.15E-16;2.08E-15
Kiwi;Israel;IL;4.80E-22;5.75E-16
Kiwi;Italien;IT;1.19E-15;2.34E-15
Kiwi;Neuseeland;NZ;5.91E-16;1.73E-15
Kiwi;Portugal;PT;5.61E-17;1.36E-14
Kiwi;Spanien;ES;2.81E-17;3.32E-15
Kiwi;Schweiz;CH;2.73E-17;1.31E-15
Salat;Ägypten;EG;4.57E-21;3.85E-17
Salat;Bahrain;BH;1.03E-23;2.41E-17
Salat;Belgien;BE;3.72E-19;4.79E-17
Salat;Bulgarien;BG;2.27E-22;1.07E-15
Salat;China;CN;4.28E-22;5.36E-16
Salat;Deutschland;DE;4.57E-19;7.20E-17
Salat;Ecuador;EC;5.39E-19;4.66E-14
Salat;Vereinigte Arabische Emirate;AE;4.96E-23;8.46E-17
Salat;Frankreich;FR;1.67E-17;4.78E-16
Salat;Griechenland;GR;7.01E-23;3.29E-15
Salat;Israel;IL;0.00E+00;2.49E-15
Salat;Italien;IT;1.56E-16;1.52E-15
Salat;Kolumbien;CO;0.00E+00;7.40E-15
Salat;Marokko;MA;1.73E-19;6.02E-16
Salat;Niederlande;NL;1.86E-18;6.62E-17
Salat;Österreich;AT;2.84E-19;5.21E-16
Salat;Peru;PE;1.19E-21;7.00E-15
Salat;Polen;PL;4.03E-21;1.11E-16
Salat;Portugal;PT;3.93E-19;1.00E-14
Salat;Spanien;ES;4.82E-16;2.31E-15
Salat;Südafrika;ZA;0.00E+00;5.17E-15
Salat;Thailand;TH;0.00E+00;4.41E-15
Salat;Tunesien;TN;9.58E-19;3.19E-16
Salat;USA;US;3.66E-24;3.43E-16
Salat;Schweiz;CH;4.88E-16;8.05E-16
Clementinen & Mandarinen;Frankreich;FR;6.15E-19;5.49E-16
Clementinen & Mandarinen;Griechenland;GR;2.18E-18;2.76E-15
Clementinen & Mandarinen;Israel;IL;4.07E-17;5.72E-16
Clementinen & Mandarinen;Italien;IT;2.85E-16;1.62E-15
Clementinen & Mandarinen;Kroatien;HR;1.20E-18;1.03E-15
Clementinen & Mandarinen;Marokko;MA;1.98E-18;5.48E-16
Clementinen & Mandarinen;Peru;PE;2.09E-17;2.59E-15
Clementinen & Mandarinen;Portugal;PT;2.35E-18;1.38E-14
Clementinen & Mandarinen;Spanien;ES;1.84E-15;2.93E-15
Clementinen & Mandarinen;Südafrika;ZA;2.52E-16;2.30E-15
Clementinen & Mandarinen;Thailand;TH;1.42E-21;2.45E-15
Clementinen & Mandarinen;Uruguay;UY;5.77E-21;7.44E-16
Clementinen & Mandarinen;USA;US;6.53E-22;2.82E-16
Clementinen & Mandarinen;Zypern;CY;1.18E-18;1.06E-14
Reis;Ägypten;EG;4.33E-22;8.05E-17
Reis;Bangladesch;BD;1.16E-19;2.86E-15
Reis;Brasilien;BR;2.12E-15;4.48E-15
Reis;Bulgarien;BG;2.48E-21;3.88E-15
Reis;China;CN;7.94E-20;1.78E-15
Reis;Dominikanische Republik;DO;1.16E-18;1.51E-13
Reis;Elfenbeinküste;CI;5.72E-21;1.03E-14
Reis;Frankreich;FR;1.73E-18;2.67E-15
Reis;Ghana;GH;0.00E+00;7.29E-15
Reis;Griechenland;GR;1.93E-17;9.05E-15
Reis;Guinea;GN;0.00E+00;1.39E-14
Reis;Guyana;GY;3.75E-18;8.74E-15
Reis;Hongkong;HK;2.76E-22;1.78E-15
Reis;Indien;IN;6.46E-16;8.51E-15
Reis;Indonesien;ID;2.37E-20;2.26E-14
Reis;Iran;IR;1.56E-18;2.09E-15
Reis;Italien;IT;1.62E-15;7.34E-15
Reis;Japan;JP;6.60E-18;9.22E-15
Reis;Kambodscha;KH;2.68E-18;9.88E-15
Reis;Kasachstan;KZ;0.00E+00;3.85E-16
Reis;Kolumbien;CO;6.61E-20;2.75E-14
Reis;Südkorea;KR;1.33E-19;3.99E-15
Reis;Malawi;MW;0.00E+00;1.60E-14
Reis;Mexiko;MX;2.24E-20;1.44E-14
Reis;Myanmar;MM;9.10E-17;1.12E-14
Reis;Nigeria;NG;0.00E+00;9.30E-15
Reis;Nordmazedonien;MK;1.21E-18;3.84E-15
Reis;Pakistan;PK;4.07E-17;1.40E-15
Reis;Paraguay;PY;6.53E-20;2.13E-15
Reis;Peru;PE;0.00E+00;1.02E-14
Reis;Philippinen;PH;3.94E-19;8.78E-14
Reis;Portugal;PT;2.16E-16;4.68E-14
Reis;Rumänien;RO;2.84E-20;1.99E-15
Reis;Russland;RU;1.57E-21;2.07E-16
Reis;Saudi-Arabien;SA;1.40E-19;6.39E-16
Reis;Spanien;ES;1.30E-16;9.84E-15
Reis;Sri Lanka;LK;2.48E-16;1.02E-13
Reis;Südafrika;ZA;1.52E-19;2.80E-14
Reis;Taiwan;TW;6.56E-18;9.03E-14
Reis;Thailand;TH;1.80E-15;1.26E-14
Reis;Togo;TG;0.00E+00;6.43E-15
Reis;Ungarn;HU;7.02E-23;7.69E-16
Reis;Uruguay;UY;5.39E-18;1.41E-15
Reis;USA;US;2.33E-17;1.29E-15
Reis;Vietnam;VN;1.92E-17;1.05E-14
Birnen;Ägypten;EG;7.65E-23;5.50E-17
Birnen;Argentinien;AR;3.73E-18;3.90E-16
Birnen;Belgien;BE;3.38E-18;5.17E-17
Birnen;Brasilien;BR;1.16E-20;1.85E-15
Birnen;Chile;CL;5.45E-18;6.67E-16
Birnen;China;CN;2.00E-18;5.84E-16
Birnen;Deutschland;DE;1.07E-19;1.09E-16
Birnen;Frankreich;FR;5.71E-18;9.35E-16
Birnen;Griechenland;GR;9.54E-20;3.03E-15
Birnen;Italien;IT;1.18E-16;3.83E-15
Birnen;Kolumbien;CO;0.00E+00;6.84E-15
Birnen;Südkorea;KR;4.23E-20;1.28E-15
Birnen;Niederlande;NL;1.07E-18;5.24E-17
Birnen;Österreich;AT;5.75E-19;1.66E-16
Birnen;Polen;PL;0.00E+00;1.69E-16
Birnen;Portugal;PT;5.25E-17;1.08E-14
Birnen;Serbien;RS;1.01E-21;4.17E-16
Birnen;Spanien;ES;1.23E-17;3.63E-15
Birnen;Südafrika;ZA;4.41E-17;1.79E-15
Birnen;Schweiz;CH;2.13E-16;2.60E-16
Grüne Erbsen;Ägypten;EG;5.29E-19;9.99E-17
Grüne Erbsen;Äthiopien;ET;2.64E-18;3.00E-15
Grüne Erbsen;Belgien;BE;1.75E-21;3.64E-16
Grüne Erbsen;Chile;CL;0.00E+00;2.89E-15
Grüne Erbsen;China;CN;6.08E-21;1.58E-15
Grüne Erbsen;Dänemark;DK;8.11E-19;9.82E-16
Grüne Erbsen;Deutschland;DE;2.79E-19;4.32E-16
Grüne Erbsen;Frankreich;FR;5.69E-18;2.10E-15
Grüne Erbsen;Guatemala;GT;5.92E-16;2.59E-14
Grüne Erbsen;Indien;IN;0.00E+00;3.48E-15
Grüne Erbsen;Israel;IL;0.00E+00;2.12E-15
Grüne Erbsen;Italien;IT;3.08E-16;9.10E-15
Grüne Erbsen;Kanada;CA;2.21E-20;2.99E-16
Grüne Erbsen;Kenia;KE;1.48E-16;3.36E-15
Grüne Erbsen;Marokko;MA;9.41E-19;1.96E-15
Grüne Erbsen;Mexiko;MX;2.41E-18;1.72E-14
Grüne Erbsen;Niederlande;NL;2.66E-20;3.35E-16
Grüne Erbsen;Peru;PE;1.77E-16;2.16E-14
Grüne Erbsen;Polen;PL;0.00E+00;4.57E-16
Grüne Erbsen;Portugal;PT;1.28E-17;4.60E-14
Grüne Erbsen;Serbien;RS;0.00E+00;1.37E-15
Grüne Erbsen;Simbabwe;ZW;3.14E-16;2.09E-14
Grüne Erbsen;Spanien;ES;1.25E-16;9.88E-15
Grüne Erbsen;Südafrika;ZA;2.27E-18;3.56E-14
Grüne Erbsen;Tansania;TZ;2.06E-19;1.90E-14
Grüne Erbsen;Thailand;TH;7.52E-19;2.87E-15
Grüne Erbsen;Ungarn;HU;7.73E-22;5.34E-16
Grüne Erbsen;Schweiz;CH;2.38E-15;2.80E-15
Bohnen;Ägypten;EG;1.78E-19;8.17E-17
Bohnen;Antigua;AG;1.57E-17;3.13E-13
Bohnen;Argentinien;AR;4.22E-20;4.18E-15
Bohnen;Äthiopien;ET;8.15E-20;4.40E-15
Bohnen;Belgien;BE;3.88E-19;1.66E-16
Bohnen;Bulgarien;BG;0.00E+00;2.79E-15
Bohnen;China;CN;1.51E-21;4.65E-16
Bohnen;Costa Rica;CR;0.00E+00;4.48E-13
Bohnen;Deutschland;DE;2.30E-18;2.10E-16
Bohnen;Frankreich;FR;1.07E-18;1.09E-15
Bohnen;Ghana;GH;2.92E-21;2.25E-15
Bohnen;Guatemala;GT;4.93E-18;1.80E-14
Bohnen;Hongkong;HK;0.00E+00;4.64E-16
Bohnen;Indien;IN;6.46E-18;1.27E-14
Bohnen;Italien;IT;1.15E-16;5.10E-15
Bohnen;Kamerun;CM;0.00E+00;1.00E-14
Bohnen;Kanada;CA;9.17E-22;1.98E-16
Bohnen;Kenia;KE;4.12E-17;2.20E-15
Bohnen;Marokko;MA;1.33E-16;5.08E-16
Bohnen;Mexiko;MX;2.52E-18;9.29E-15
Bohnen;Niederlande;NL;1.32E-18;1.63E-16
Bohnen;Nordmazedonien;MK;1.78E-19;3.01E-14
Bohnen;Österreich;AT;0.00E+00;2.68E-15
Bohnen;Peru;PE;6.24E-20;2.81E-14
Bohnen;Polen;PL;1.33E-21;2.87E-16
Bohnen;Portugal;PT;2.10E-18;1.79E-14
Bohnen;Ruanda;RW;0.00E+00;1.28E-14
Bohnen;Senegal;SN;1.01E-17;3.22E-16
Bohnen;Serbien;RS;1.49E-21;3.21E-15
Bohnen;Simbabwe;ZW;1.01E-18;3.23E-15
Bohnen;Spanien;ES;2.92E-16;3.89E-15
Bohnen;Sri Lanka;LK;2.51E-16;4.96E-14
Bohnen;Südafrika;ZA;3.14E-19;1.35E-14
Bohnen;Tansania;TZ;1.50E-17;6.93E-15
Bohnen;Thailand;TH;1.04E-16;2.13E-14
Bohnen;USA;US;8.37E-20;3.28E-15
Bohnen;Schweiz;CH;1.49E-15;2.70E-15
Papaya;Bangladesch;BD;5.00E-20;3.09E-15
Papaya;Brasilien;BR;5.63E-16;6.34E-16
Papaya;China;CN;0.00E+00;1.79E-16
Papaya;Dominikanische Republik;DO;4.01E-18;5.49E-15
Papaya;Ecuador;EC;5.55E-18;2.37E-14
Papaya;Elfenbeinküste;CI;0.00E+00;1.11E-14
Papaya;Ghana;GH;3.53E-18;5.78E-15
Papaya;Honduras;HN;0.00E+00;5.75E-15
Papaya;Indien;IN;1.08E-19;7.86E-16
Papaya;Kenia;KE;1.21E-19;1.54E-15
Papaya;Kolumbien;CO;6.15E-20;7.11E-15
Papaya;Marokko;MA;1.39E-21;2.56E-16
Papaya;Mexiko;MX;3.28E-18;1.38E-15
Papaya;Pakistan;PK;0.00E+00;9.00E-16
Papaya;Peru;PE;1.62E-18;5.55E-15
Papaya;Thailand;TH;7.18E-17;8.23E-16
Papaya;USA;US;0.00E+00;3.94E-16
Papaya;Venezuela;VE;5.96E-21;3.68E-15
Papaya;Vietnam;VN;7.83E-17;4.00E-15
Sonnenblumenöl;Argentinien;AR;6.12E-16;5.04E-15
Sonnenblumenöl;Aserbaidschan;AZ;1.55E-17;1.33E-14
Sonnenblumenöl;Brasilien;BR;2.30E-16;2.00E-14
Sonnenblumenöl;Bulgarien;BG;3.24E-16;7.82E-15
Sonnenblumenöl;China;CN;1.63E-16;4.18E-15
Sonnenblumenöl;Deutschland;DE;1.37E-17;8.78E-16
Sonnenblumenöl;Frankreich;FR;4.08E-16;4.94E-15
Sonnenblumenöl;Hongkong;HK;0.00E+00;4.18E-15
Sonnenblumenöl;Indien;IN;9.44E-16;4.02E-14
Sonnenblumenöl;Italien;IT;3.45E-16;1.95E-14
Sonnenblumenöl;Kroatien;HR;2.01E-17;8.02E-15
Sonnenblumenöl;Luxemburg;LU;2.00E-20;9.71E-16
Sonnenblumenöl;Mexiko;MX;8.98E-17;6.63E-14
Sonnenblumenöl;Mosambik;MZ;5.27E-18;1.47E-14
Sonnenblumenöl;Österreich;AT;3.37E-17;5.30E-15
Sonnenblumenöl;Polen;PL;2.79E-18;1.12E-15
Sonnenblumenöl;Portugal;PT;2.20E-15;1.67E-13
Sonnenblumenöl;Rumänien;RO;1.28E-16;2.16E-15
Sonnenblumenöl;Russland;RU;3.90E-16;7.35E-16
Sonnenblumenöl;Serbien;RS;4.96E-17;1.96E-15
Sonnenblumenöl;Slowakei;SK;6.89E-18;2.61E-15
Sonnenblumenöl;Spanien;ES;3.87E-15;5.89E-14
Sonnenblumenöl;Südafrika;ZA;2.05E-15;5.61E-14
Sonnenblumenöl;Tansania;TZ;6.30E-16;3.16E-14
Sonnenblumenöl;Tunesien;TN;3.56E-18;7.72E-15
Sonnenblumenöl;Uganda;UG;3.80E-16;3.51E-14
Sonnenblumenöl;Ukraine;UA;7.62E-16;1.33E-15
Sonnenblumenöl;Ungarn;HU;7.40E-17;1.00E-15
Sonnenblumenöl;USA;US;0.00E+00;6.48E-15
Sonnenblumenöl;Schweiz;CH;1.25E-15;6.91E-15
Rapsöl;Argentinien;AR;0.00E+00;1.04E-14
Rapsöl;Bangladesch;BD;3.90E-19;1.16E-14
Rapsöl;Belgien;BE;3.25E-17;6.15E-16
Rapsöl;Bosnien und Herzegowina;BA;0.00E+00;5.62E-15
Rapsöl;Brasilien;BR;0.00E+00;2.21E-14
Rapsöl;Bulgarien;BG;0.00E+00;6.51E-15
Rapsöl;China;CN;5.66E-20;5.85E-15
Rapsöl;Dänemark;DK;3.32E-22;5.74E-16
Rapsöl;Deutschland;DE;3.69E-16;6.53E-16
Rapsöl;Estland;EE;1.16E-20;3.61E-16
Rapsöl;Frankreich;FR;7.05E-17;4.01E-15
Rapsöl;Indien;IN;6.46E-18;2.62E-14
Rapsöl;Italien;IT;1.68E-16;1.53E-14
Rapsöl;Japan;JP;0.00E+00;3.51E-14
Rapsöl;Kanada;CA;3.56E-21;7.69E-16
Rapsöl;Kroatien;HR;0.00E+00;1.00E-14
Rapsöl;Lettland;LV;2.69E-22;3.41E-16
Rapsöl;Litauen;LT;2.51E-18;4.12E-16
Rapsöl;Luxemburg;LU;0.00E+00;7.82E-16
Rapsöl;Marokko;MA;9.28E-21;8.02E-15
Rapsöl;Mexiko;MX;0.00E+00;1.38E-13
Rapsöl;Moldawien;MD;2.09E-18;5.75E-16
Rapsöl;Niederlande;NL;2.07E-18;7.00E-16
Rapsöl;Österreich;AT;2.16E-17;5.26E-15
Rapsöl;Polen;PL;0.00E+00;8.32E-16
Rapsöl;Rumänien;RO;5.57E-17;1.77E-15
Rapsöl;Russland;RU;2.94E-22;6.99E-16
Rapsöl;Schweden;SE;0.00E+00;2.34E-16
Rapsöl;Serbien;RS;1.18E-21;1.73E-15
Rapsöl;Spanien;ES;6.48E-19;2.77E-14
Rapsöl;Tschechien;CZ;1.60E-18;7.61E-16
Rapsöl;Türkei;TR;1.34E-19;7.49E-15
Rapsöl;Ukraine;UA;2.88E-17;1.12E-15
Rapsöl;Ungarn;HU;0.00E+00;9.44E-16
Rapsöl;USA;US;1.13E-19;7.60E-15
Rapsöl;Vereinigtes Königreich;GB;1.28E-19;7.44E-16
Rapsöl;Schweiz;CH;7.75E-15;5.17E-15
Palmöl;Brasilien;BR;0.00E+00;1.01E-15
Palmöl;China;CN;4.68E-20;4.58E-16
Palmöl;Dominikanische Republik;DO;0.00E+00;2.73E-14
Palmöl;Ecuador;EC;1.05E-20;1.03E-14
Palmöl;Elfenbeinküste;CI;8.02E-16;2.17E-15
Palmöl;Ghana;GH;1.02E-18;1.49E-15
Palmöl;Guinea;GN;4.06E-19;3.71E-15
Palmöl;Kambodscha;KH;0.00E+00;1.54E-15
Palmöl;Kamerun;CM;1.48E-21;5.27E-16
Palmöl;Kolumbien;CO;4.92E-20;5.07E-15
Palmöl;Madagaskar;MG;5.43E-16;7.69E-15
Palmöl;Malaysia;MY;2.30E-18;3.44E-15
Palmöl;Nigeria;NG;2.78E-19;3.35E-15
Palmöl;Salomonen;SB;1.08E-14;2.03E-14
Palmöl;Sao Tomé;ST;2.71E-14;1.07E-12
Palmöl;Senegal;SN;0.00E+00;1.83E-16
Palmöl;Togo;TG;5.58E-19;1.79E-15
Wein;Afghanistan;AF;2.10E-24;4.20E-16
Wein;Ägypten;EG;6.79E-24;4.67E-17
Wein;Albanien;AL;4.49E-20;3.96E-15
Wein;Algerien;DZ;8.00E-25;1.60E-16
Wein;Argentinien;AR;1.50E-17;9.38E-16
Wein;Armenien;AM;9.50E-20;1.51E-15
Wein;Äthiopien;ET;0.00E+00;7.93E-15
Wein;Australien;AU;9.70E-18;1.05E-15
Wein;Bahrain;BH;0.00E+00;3.02E-16
Wein;Belarus;BY;2.79E-24;2.78E-16
Wein;Bosnien und Herzegowina;BA;7.58E-20;1.51E-15
Wein;Brasilien;BR;5.80E-21;1.21E-15
Wein;Bulgarien;BG;4.97E-19;2.33E-15
Wein;Chile;CL;2.32E-17;1.82E-15
Wein;China;CN;0.00E+00;5.81E-16
Wein;Deutschland;DE;4.99E-18;1.65E-16
Wein;Ecuador;EC;0.00E+00;4.46E-14
Wein;Vereinigte Arabische Emirate;AE;6.11E-20;5.75E-16
Wein;Frankreich;FR;3.48E-16;1.64E-15
Wein;Georgien;GE;9.96E-19;8.06E-15
Wein;Griechenland;GR;6.21E-18;5.65E-15
Wein;Guatemala;GT;2.30E-22;2.29E-14
Wein;Honduras;HN;0.00E+00;3.17E-14
Wein;Hongkong;HK;0.00E+00;5.82E-16
Wein;Indien;IN;0.00E+00;1.38E-15
Wein;Iran;IR;7.85E-22;5.09E-16
Wein;Israel;IL;6.47E-19;2.34E-15
Wein;Italien;IT;1.34E-15;3.37E-15
Wein;Japan;JP;0.00E+00;5.75E-15
Wein;Kanada;CA;0.00E+00;1.25E-16
Wein;Kasachstan;KZ;0.00E+00;2.71E-16
Wein;Kolumbien;CO;0.00E+00;1.35E-14
Wein;Kroatien;HR;8.77E-19;3.75E-15
Wein;Kuwait;KW;0.00E+00;8.86E-17
Wein;Libanon;LB;9.46E-19;5.03E-15
Wein;Libyen;LY;1.31E-23;1.45E-16
Wein;Luxemburg;LU;0.00E+00;1.60E-16
Wein;Madagaskar;MG;0.00E+00;3.12E-14
Wein;Malta;MT;1.64E-20;1.05E-14
Wein;Marokko;MA;8.84E-21;9.95E-16
Wein;Mexiko;MX;5.15E-20;5.69E-15
Wein;Moldawien;MD;8.72E-21;3.11E-16
Wein;Montenegro;ME;5.25E-19;4.46E-15
Wein;Neuseeland;NZ;1.14E-17;6.75E-15
Wein;Nordmazedonien;MK;3.25E-19;1.73E-15
Wein;Österreich;AT;2.55E-17;1.67E-15
Wein;Pakistan;PK;0.00E+00;9.19E-16
Wein;Peru;PE;3.75E-20;3.42E-15
Wein;Philippinen;PH;0.00E+00;4.89E-13
Wein;Polen;PL;6.15E-21;5.61E-16
Wein;Portugal;PT;2.31E-15;3.92E-14
Wein;Rumänien;RO;4.04E-20;7.09E-16
Wein;Russland;RU;8.19E-21;1.09E-16
Wein;Saudi-Arabien;SA;2.32E-23;5.14E-17
Wein;Schweden;SE;0.00E+00;4.49E-16
Wein;Serbien;RS;1.33E-19;5.94E-16
Wein;Slowakei;SK;1.21E-20;9.68E-16
Wein;Slowenien;SI;2.59E-19;2.30E-15
Wein;Spanien;ES;1.28E-15;8.77E-15
Wein;Südafrika;ZA;8.24E-17;3.95E-15
Wein;Taiwan;TW;0.00E+00;1.78E-14
Wein;Thailand;TH;0.00E+00;1.90E-15
Wein;Tunesien;TN;1.99E-21;8.25E-16
Wein;Ukraine;UA;0.00E+00;3.53E-16
Wein;Ungarn;HU;7.32E-19;2.97E-16
Wein;Uruguay;UY;3.61E-21;7.55E-16
Wein;USA;US;1.22E-17;6.57E-16
Wein;Zypern;CY;1.40E-18;5.55E-14
Wein;Schweiz;CH;9.23E-16;2.38E-15
Pouletfleisch;Schweiz;CH;8.41E-15;8.41E-15
Rindfleisch;Schweiz;CH;2.48E-14;2.48E-14
Schweinefleisch;Schweiz;CH;7.59E-15;7.59E-15
Ei;Schweiz;CH;6.44E-15;6.44E-15
Milch;Schweiz;CH;1.83E-15;1.83E-15
Joghurt;Schweiz;CH;2.79E-15;2.79E-15
Hartkäse;Schweiz;CH;1.31E-14;1.31E-14
Halbhartkäse;Schweiz;CH;1.20E-14;1.20E-14
Weichkäse;Schweiz;CH;9.17E-15;9.17E-15
Frischkäse;Schweiz;CH;4.27E-15;4.27E-15
Butter;Schweiz;CH;1.70E-14;1.70E-14
